fold_id,model,date,y_true,y_pred,y_proba
0,majority,2015-10-19,0,1,0.5708884688090737
0,majority,2015-10-20,0,1,0.5708884688090737
0,majority,2015-10-21,1,1,0.5708884688090737
0,majority,2015-10-22,1,1,0.5708884688090737
0,majority,2015-10-23,0,1,0.5708884688090737
0,majority,2015-10-26,0,1,0.5708884688090737
0,majority,2015-10-27,1,1,0.5708884688090737
0,majority,2015-10-28,0,1,0.5708884688090737
0,majority,2015-10-29,0,1,0.5708884688090737
0,majority,2015-10-30,1,1,0.5708884688090737
0,majority,2015-11-02,1,1,0.5708884688090737
0,majority,2015-11-03,0,1,0.5708884688090737
0,majority,2015-11-04,0,1,0.5708884688090737
0,majority,2015-11-05,0,1,0.5708884688090737
0,majority,2015-11-06,0,1,0.5708884688090737
0,majority,2015-11-09,1,1,0.5708884688090737
0,majority,2015-11-10,0,1,0.5708884688090737
0,majority,2015-11-11,0,1,0.5708884688090737
0,majority,2015-11-12,0,1,0.5708884688090737
0,majority,2015-11-13,1,1,0.5708884688090737
0,majority,2015-11-16,0,1,0.5708884688090737
0,majority,2015-11-17,1,1,0.5708884688090737
0,majority,2015-11-18,0,1,0.5708884688090737
0,majority,2015-11-19,1,1,0.5708884688090737
0,majority,2015-11-20,0,1,0.5708884688090737
0,majority,2015-11-23,1,1,0.5708884688090737
0,majority,2015-11-24,0,1,0.5708884688090737
0,majority,2015-11-25,1,1,0.5708884688090737
0,majority,2015-11-27,0,1,0.5708884688090737
0,majority,2015-11-30,1,1,0.5708884688090737
0,majority,2015-12-01,0,1,0.5708884688090737
0,majority,2015-12-02,0,1,0.5708884688090737
0,majority,2015-12-03,1,1,0.5708884688090737
0,majority,2015-12-04,0,1,0.5708884688090737
0,majority,2015-12-07,0,1,0.5708884688090737
0,majority,2015-12-08,0,1,0.5708884688090737
0,majority,2015-12-09,1,1,0.5708884688090737
0,majority,2015-12-10,0,1,0.5708884688090737
0,majority,2015-12-11,1,1,0.5708884688090737
0,majority,2015-12-14,1,1,0.5708884688090737
0,majority,2015-12-15,1,1,0.5708884688090737
0,majority,2015-12-16,0,1,0.5708884688090737
0,majority,2015-12-17,0,1,0.5708884688090737
0,majority,2015-12-18,1,1,0.5708884688090737
0,majority,2015-12-21,1,1,0.5708884688090737
0,majority,2015-12-22,1,1,0.5708884688090737
0,majority,2015-12-23,0,1,0.5708884688090737
0,majority,2015-12-24,0,1,0.5708884688090737
0,majority,2015-12-28,1,1,0.5708884688090737
0,majority,2015-12-29,0,1,0.5708884688090737
0,majority,2015-12-30,0,1,0.5708884688090737
0,majority,2015-12-31,0,1,0.5708884688090737
0,majority,2016-01-04,1,1,0.5708884688090737
0,majority,2016-01-05,0,1,0.5708884688090737
0,majority,2016-01-06,0,1,0.5708884688090737
0,majority,2016-01-07,0,1,0.5708884688090737
0,majority,2016-01-08,1,1,0.5708884688090737
0,majority,2016-01-11,1,1,0.5708884688090737
0,majority,2016-01-12,0,1,0.5708884688090737
0,majority,2016-01-13,1,1,0.5708884688090737
0,majority,2016-01-14,0,1,0.5708884688090737
0,majority,2016-01-15,1,1,0.5708884688090737
0,majority,2016-01-19,0,1,0.5708884688090737
0,majority,2016-01-20,1,1,0.5708884688090737
0,majority,2016-01-21,1,1,0.5708884688090737
0,majority,2016-01-22,0,1,0.5708884688090737
0,majority,2016-01-25,1,1,0.5708884688090737
0,majority,2016-01-26,0,1,0.5708884688090737
0,majority,2016-01-27,1,1,0.5708884688090737
0,majority,2016-01-28,1,1,0.5708884688090737
0,majority,2016-01-29,0,1,0.5708884688090737
0,majority,2016-02-01,0,1,0.5708884688090737
0,majority,2016-02-02,1,1,0.5708884688090737
0,majority,2016-02-03,1,1,0.5708884688090737
0,majority,2016-02-04,0,1,0.5708884688090737
0,majority,2016-02-05,0,1,0.5708884688090737
0,majority,2016-02-08,1,1,0.5708884688090737
0,majority,2016-02-09,0,1,0.5708884688090737
0,majority,2016-02-10,0,1,0.5708884688090737
0,majority,2016-02-11,1,1,0.5708884688090737
0,majority,2016-02-12,1,1,0.5708884688090737
0,majority,2016-02-16,1,1,0.5708884688090737
0,majority,2016-02-17,0,1,0.5708884688090737
0,majority,2016-02-18,0,1,0.5708884688090737
0,majority,2016-02-19,1,1,0.5708884688090737
0,majority,2016-02-22,0,1,0.5708884688090737
0,majority,2016-02-23,1,1,0.5708884688090737
0,majority,2016-02-24,1,1,0.5708884688090737
0,majority,2016-02-25,0,1,0.5708884688090737
0,majority,2016-02-26,0,1,0.5708884688090737
0,majority,2016-02-29,1,1,0.5708884688090737
0,majority,2016-03-01,1,1,0.5708884688090737
0,majority,2016-03-02,1,1,0.5708884688090737
0,majority,2016-03-03,1,1,0.5708884688090737
0,majority,2016-03-04,1,1,0.5708884688090737
0,majority,2016-03-07,0,1,0.5708884688090737
0,majority,2016-03-08,1,1,0.5708884688090737
0,majority,2016-03-09,1,1,0.5708884688090737
0,majority,2016-03-10,1,1,0.5708884688090737
0,majority,2016-03-11,0,1,0.5708884688090737
0,majority,2016-03-14,0,1,0.5708884688090737
0,majority,2016-03-15,1,1,0.5708884688090737
0,majority,2016-03-16,1,1,0.5708884688090737
0,majority,2016-03-17,1,1,0.5708884688090737
0,majority,2016-03-18,1,1,0.5708884688090737
0,majority,2016-03-21,0,1,0.5708884688090737
0,majority,2016-03-22,0,1,0.5708884688090737
0,majority,2016-03-23,0,1,0.5708884688090737
0,majority,2016-03-24,1,1,0.5708884688090737
0,majority,2016-03-28,1,1,0.5708884688090737
0,majority,2016-03-29,1,1,0.5708884688090737
0,majority,2016-03-30,0,1,0.5708884688090737
0,majority,2016-03-31,1,1,0.5708884688090737
0,majority,2016-04-01,0,1,0.5708884688090737
0,majority,2016-04-04,0,1,0.5708884688090737
0,majority,2016-04-05,1,1,0.5708884688090737
0,majority,2016-04-06,0,1,0.5708884688090737
0,majority,2016-04-07,1,1,0.5708884688090737
0,majority,2016-04-08,0,1,0.5708884688090737
0,majority,2016-04-11,1,1,0.5708884688090737
0,majority,2016-04-12,1,1,0.5708884688090737
0,majority,2016-04-13,1,1,0.5708884688090737
0,majority,2016-04-14,0,1,0.5708884688090737
0,majority,2016-04-15,1,1,0.5708884688090737
0,majority,2016-04-18,1,1,0.5708884688090737
0,majority,2016-04-19,1,1,0.5708884688090737
0,naive,2015-10-19,0,1,0.5
0,naive,2015-10-20,0,0,0.5
0,naive,2015-10-21,1,0,0.5
0,naive,2015-10-22,1,1,0.5
0,naive,2015-10-23,0,1,0.5
0,naive,2015-10-26,0,0,0.5
0,naive,2015-10-27,1,0,0.5
0,naive,2015-10-28,0,1,0.5
0,naive,2015-10-29,0,0,0.5
0,naive,2015-10-30,1,0,0.5
0,naive,2015-11-02,1,1,0.5
0,naive,2015-11-03,0,1,0.5
0,naive,2015-11-04,0,0,0.5
0,naive,2015-11-05,0,0,0.5
0,naive,2015-11-06,0,0,0.5
0,naive,2015-11-09,1,0,0.5
0,naive,2015-11-10,0,1,0.5
0,naive,2015-11-11,0,0,0.5
0,naive,2015-11-12,0,0,0.5
0,naive,2015-11-13,1,0,0.5
0,naive,2015-11-16,0,1,0.5
0,naive,2015-11-17,1,0,0.5
0,naive,2015-11-18,0,1,0.5
0,naive,2015-11-19,1,0,0.5
0,naive,2015-11-20,0,1,0.5
0,naive,2015-11-23,1,0,0.5
0,naive,2015-11-24,0,1,0.5
0,naive,2015-11-25,1,0,0.5
0,naive,2015-11-27,0,1,0.5
0,naive,2015-11-30,1,0,0.5
0,naive,2015-12-01,0,1,0.5
0,naive,2015-12-02,0,0,0.5
0,naive,2015-12-03,1,0,0.5
0,naive,2015-12-04,0,1,0.5
0,naive,2015-12-07,0,0,0.5
0,naive,2015-12-08,0,0,0.5
0,naive,2015-12-09,1,0,0.5
0,naive,2015-12-10,0,1,0.5
0,naive,2015-12-11,1,0,0.5
0,naive,2015-12-14,1,1,0.5
0,naive,2015-12-15,1,1,0.5
0,naive,2015-12-16,0,1,0.5
0,naive,2015-12-17,0,0,0.5
0,naive,2015-12-18,1,0,0.5
0,naive,2015-12-21,1,1,0.5
0,naive,2015-12-22,1,1,0.5
0,naive,2015-12-23,0,1,0.5
0,naive,2015-12-24,0,0,0.5
0,naive,2015-12-28,1,0,0.5
0,naive,2015-12-29,0,1,0.5
0,naive,2015-12-30,0,0,0.5
0,naive,2015-12-31,0,0,0.5
0,naive,2016-01-04,1,0,0.5
0,naive,2016-01-05,0,1,0.5
0,naive,2016-01-06,0,0,0.5
0,naive,2016-01-07,0,0,0.5
0,naive,2016-01-08,1,0,0.5
0,naive,2016-01-11,1,1,0.5
0,naive,2016-01-12,0,1,0.5
0,naive,2016-01-13,1,0,0.5
0,naive,2016-01-14,0,1,0.5
0,naive,2016-01-15,1,0,0.5
0,naive,2016-01-19,0,1,0.5
0,naive,2016-01-20,1,0,0.5
0,naive,2016-01-21,1,1,0.5
0,naive,2016-01-22,0,1,0.5
0,naive,2016-01-25,1,0,0.5
0,naive,2016-01-26,0,1,0.5
0,naive,2016-01-27,1,0,0.5
0,naive,2016-01-28,1,1,0.5
0,naive,2016-01-29,0,1,0.5
0,naive,2016-02-01,0,0,0.5
0,naive,2016-02-02,1,0,0.5
0,naive,2016-02-03,1,1,0.5
0,naive,2016-02-04,0,1,0.5
0,naive,2016-02-05,0,0,0.5
0,naive,2016-02-08,1,0,0.5
0,naive,2016-02-09,0,1,0.5
0,naive,2016-02-10,0,0,0.5
0,naive,2016-02-11,1,0,0.5
0,naive,2016-02-12,1,1,0.5
0,naive,2016-02-16,1,1,0.5
0,naive,2016-02-17,0,1,0.5
0,naive,2016-02-18,0,0,0.5
0,naive,2016-02-19,1,0,0.5
0,naive,2016-02-22,0,1,0.5
0,naive,2016-02-23,1,0,0.5
0,naive,2016-02-24,1,1,0.5
0,naive,2016-02-25,0,1,0.5
0,naive,2016-02-26,0,0,0.5
0,naive,2016-02-29,1,0,0.5
0,naive,2016-03-01,1,1,0.5
0,naive,2016-03-02,1,1,0.5
0,naive,2016-03-03,1,1,0.5
0,naive,2016-03-04,1,1,0.5
0,naive,2016-03-07,0,1,0.5
0,naive,2016-03-08,1,0,0.5
0,naive,2016-03-09,1,1,0.5
0,naive,2016-03-10,1,1,0.5
0,naive,2016-03-11,0,1,0.5
0,naive,2016-03-14,0,0,0.5
0,naive,2016-03-15,1,0,0.5
0,naive,2016-03-16,1,1,0.5
0,naive,2016-03-17,1,1,0.5
0,naive,2016-03-18,1,1,0.5
0,naive,2016-03-21,0,1,0.5
0,naive,2016-03-22,0,0,0.5
0,naive,2016-03-23,0,0,0.5
0,naive,2016-03-24,1,0,0.5
0,naive,2016-03-28,1,1,0.5
0,naive,2016-03-29,1,1,0.5
0,naive,2016-03-30,0,1,0.5
0,naive,2016-03-31,1,0,0.5
0,naive,2016-04-01,0,1,0.5
0,naive,2016-04-04,0,0,0.5
0,naive,2016-04-05,1,0,0.5
0,naive,2016-04-06,0,1,0.5
0,naive,2016-04-07,1,0,0.5
0,naive,2016-04-08,0,1,0.5
0,naive,2016-04-11,1,0,0.5
0,naive,2016-04-12,1,1,0.5
0,naive,2016-04-13,1,1,0.5
0,naive,2016-04-14,0,1,0.5
0,naive,2016-04-15,1,0,0.5
0,naive,2016-04-18,1,1,0.5
0,naive,2016-04-19,1,1,0.5
0,logistic,2015-10-19,0,1,0.6478892391710804
0,logistic,2015-10-20,0,1,0.6077450348795714
0,logistic,2015-10-21,1,1,0.5402062139767875
0,logistic,2015-10-22,1,1,0.5997480441718215
0,logistic,2015-10-23,0,1,0.6115385605803064
0,logistic,2015-10-26,0,1,0.5782387558727947
0,logistic,2015-10-27,1,1,0.5640235113334422
0,logistic,2015-10-28,0,0,0.4972446834055394
0,logistic,2015-10-29,0,1,0.5243318142517301
0,logistic,2015-10-30,1,1,0.545134539923081
0,logistic,2015-11-02,1,1,0.5135606571372029
0,logistic,2015-11-03,0,0,0.463097004773663
0,logistic,2015-11-04,0,0,0.4846679672299806
0,logistic,2015-11-05,0,0,0.4641158612964709
0,logistic,2015-11-06,0,0,0.3848858213221535
0,logistic,2015-11-09,1,0,0.46905608452128894
0,logistic,2015-11-10,0,0,0.4682696563376047
0,logistic,2015-11-11,0,0,0.4214742732112305
0,logistic,2015-11-12,0,0,0.40024648866956214
0,logistic,2015-11-13,1,0,0.38317765398781695
0,logistic,2015-11-16,0,0,0.3197517139283213
0,logistic,2015-11-17,1,0,0.39977721252024767
0,logistic,2015-11-18,0,0,0.44897166309312103
0,logistic,2015-11-19,1,0,0.4561269718783539
0,logistic,2015-11-20,0,0,0.4007979188747041
0,logistic,2015-11-23,1,1,0.515136931957536
0,logistic,2015-11-24,0,0,0.48364537797074597
0,logistic,2015-11-25,1,1,0.5695880181113933
0,logistic,2015-11-27,0,1,0.5585404088597657
0,logistic,2015-11-30,1,1,0.5837535989589008
0,logistic,2015-12-01,0,1,0.5619377279774023
0,logistic,2015-12-02,0,1,0.599285994571441
0,logistic,2015-12-03,1,1,0.5689416065297334
0,logistic,2015-12-04,0,1,0.5593613197641779
0,logistic,2015-12-07,0,1,0.5266044156256593
0,logistic,2015-12-08,0,1,0.5832056913405658
0,logistic,2015-12-09,1,1,0.5545567265309427
0,logistic,2015-12-10,0,0,0.42303715341249876
0,logistic,2015-12-11,1,1,0.5801912957948233
0,logistic,2015-12-14,1,1,0.5946489930768686
0,logistic,2015-12-15,1,1,0.6275883260107114
0,logistic,2015-12-16,0,1,0.614444662392561
0,logistic,2015-12-17,0,1,0.7173442621573184
0,logistic,2015-12-18,1,1,0.5623141546085023
0,logistic,2015-12-21,1,1,0.5902101779073747
0,logistic,2015-12-22,1,1,0.6102588505970598
0,logistic,2015-12-23,0,1,0.7195962337797516
0,logistic,2015-12-24,0,1,0.7195238042492771
0,logistic,2015-12-28,1,1,0.6289373420755662
0,logistic,2015-12-29,0,1,0.6819094685361285
0,logistic,2015-12-30,0,1,0.6953612183461608
0,logistic,2015-12-31,0,1,0.724196936546239
0,logistic,2016-01-04,1,1,0.6894239519366725
0,logistic,2016-01-05,0,1,0.644747682598009
0,logistic,2016-01-06,0,1,0.703653996503292
0,logistic,2016-01-07,0,1,0.6904484733289407
0,logistic,2016-01-08,1,1,0.6800395556602736
0,logistic,2016-01-11,1,1,0.7055978644915092
0,logistic,2016-01-12,0,1,0.776868045706311
0,logistic,2016-01-13,1,1,0.7956360790142684
0,logistic,2016-01-14,0,1,0.7422165941969336
0,logistic,2016-01-15,1,1,0.7623521663831492
0,logistic,2016-01-19,0,1,0.7883110971782201
0,logistic,2016-01-20,1,1,0.8980334902467707
0,logistic,2016-01-21,1,1,0.8345511058335975
0,logistic,2016-01-22,0,1,0.9152972020309355
0,logistic,2016-01-25,1,1,0.8651595877953943
0,logistic,2016-01-26,0,1,0.8848013583410304
0,logistic,2016-01-27,1,1,0.8656438612856451
0,logistic,2016-01-28,1,1,0.8492060905352354
0,logistic,2016-01-29,0,1,0.9182467482498482
0,logistic,2016-02-01,0,1,0.8614598194844637
0,logistic,2016-02-02,1,1,0.9101757786035971
0,logistic,2016-02-03,1,1,0.8749819721919414
0,logistic,2016-02-04,0,1,0.8608209679908906
0,logistic,2016-02-05,0,1,0.8910324945067604
0,logistic,2016-02-08,1,1,0.8897518505451917
0,logistic,2016-02-09,0,1,0.835870819680839
0,logistic,2016-02-10,0,1,0.8141404951404266
0,logistic,2016-02-11,1,1,0.8579562069809729
0,logistic,2016-02-12,1,1,0.7993648201093743
0,logistic,2016-02-16,1,1,0.795861511148932
0,logistic,2016-02-17,0,1,0.7969926612248971
0,logistic,2016-02-18,0,1,0.8271784914475246
0,logistic,2016-02-19,1,1,0.7254596438285109
0,logistic,2016-02-22,0,1,0.7852865319805334
0,logistic,2016-02-23,1,1,0.7937517098942415
0,logistic,2016-02-24,1,1,0.8331387397034468
0,logistic,2016-02-25,0,1,0.798308883279588
0,logistic,2016-02-26,0,1,0.6990135860433522
0,logistic,2016-02-29,1,1,0.7690414982826475
0,logistic,2016-03-01,1,1,0.6500028859311743
0,logistic,2016-03-02,1,1,0.6663546551354323
0,logistic,2016-03-03,1,1,0.6603925894142968
0,logistic,2016-03-04,1,1,0.65950309788339
0,logistic,2016-03-07,0,1,0.5343918601542191
0,logistic,2016-03-08,1,1,0.6266122105280885
0,logistic,2016-03-09,1,1,0.5799782144024507
0,logistic,2016-03-10,1,1,0.6076825262494037
0,logistic,2016-03-11,0,1,0.5781041558229129
0,logistic,2016-03-14,0,1,0.5906046659507517
0,logistic,2016-03-15,1,0,0.47490411991941367
0,logistic,2016-03-16,1,1,0.537059432401191
0,logistic,2016-03-17,1,0,0.46580804995332953
0,logistic,2016-03-18,1,1,0.5230993951157044
0,logistic,2016-03-21,0,0,0.4909648515705377
0,logistic,2016-03-22,0,0,0.4337180133348135
0,logistic,2016-03-23,0,0,0.45313057153496833
0,logistic,2016-03-24,1,0,0.4304624902780103
0,logistic,2016-03-28,1,0,0.44767210063300106
0,logistic,2016-03-29,1,0,0.44349422759760543
0,logistic,2016-03-30,0,0,0.4776676587990505
0,logistic,2016-03-31,1,0,0.4145880710569998
0,logistic,2016-04-01,0,0,0.43460482992868427
0,logistic,2016-04-04,0,0,0.4089907580484066
0,logistic,2016-04-05,1,0,0.45163858577838734
0,logistic,2016-04-06,0,0,0.4696952106165967
0,logistic,2016-04-07,1,0,0.44951264817796793
0,logistic,2016-04-08,0,0,0.4655329415645348
0,logistic,2016-04-11,1,0,0.44991580950283305
0,logistic,2016-04-12,1,0,0.3829818200895756
0,logistic,2016-04-13,1,1,0.5241646963633595
0,logistic,2016-04-14,0,0,0.4720525027925979
0,logistic,2016-04-15,1,0,0.48430360338595085
0,logistic,2016-04-18,1,0,0.4626908221834548
0,logistic,2016-04-19,1,0,0.48983805815606224
0,rf,2015-10-19,0,0,0.48986215137462796
0,rf,2015-10-20,0,1,0.5532433119926997
0,rf,2015-10-21,1,1,0.5223617120453804
0,rf,2015-10-22,1,1,0.603881893044053
0,rf,2015-10-23,0,1,0.5465135845791029
0,rf,2015-10-26,0,1,0.5646587133563395
0,rf,2015-10-27,1,1,0.5351041408188327
0,rf,2015-10-28,0,0,0.47558973983555697
0,rf,2015-10-29,0,1,0.5009597295541033
0,rf,2015-10-30,1,1,0.5301004037635396
0,rf,2015-11-02,1,0,0.4822539321981006
0,rf,2015-11-03,0,0,0.4499390649525475
0,rf,2015-11-04,0,1,0.506782256273078
0,rf,2015-11-05,0,1,0.5305279790883349
0,rf,2015-11-06,0,1,0.5281909496465892
0,rf,2015-11-09,1,1,0.5424153315848766
0,rf,2015-11-10,0,1,0.5135699011632929
0,rf,2015-11-11,0,1,0.5359272599153733
0,rf,2015-11-12,0,1,0.5183139700145116
0,rf,2015-11-13,1,1,0.509536340041109
0,rf,2015-11-16,0,0,0.4879714254428193
0,rf,2015-11-17,1,1,0.5151890154669894
0,rf,2015-11-18,0,1,0.5485191567546519
0,rf,2015-11-19,1,1,0.5467108798432498
0,rf,2015-11-20,0,0,0.4922457478888817
0,rf,2015-11-23,1,1,0.5157278889511303
0,rf,2015-11-24,0,1,0.5083911518167612
0,rf,2015-11-25,1,1,0.5737362513862404
0,rf,2015-11-27,0,1,0.5444158990955448
0,rf,2015-11-30,1,1,0.5281073143893628
0,rf,2015-12-01,0,1,0.5243516642617565
0,rf,2015-12-02,0,1,0.5262718284279593
0,rf,2015-12-03,1,1,0.5128921355338593
0,rf,2015-12-04,0,1,0.5080250861672719
0,rf,2015-12-07,0,1,0.5205185262116604
0,rf,2015-12-08,0,1,0.6059476641917029
0,rf,2015-12-09,1,1,0.572679982695612
0,rf,2015-12-10,0,1,0.5525760875749455
0,rf,2015-12-11,1,1,0.5185144939500005
0,rf,2015-12-14,1,0,0.48313463454021977
0,rf,2015-12-15,1,1,0.5275597503888925
0,rf,2015-12-16,0,1,0.5513118413318033
0,rf,2015-12-17,0,1,0.5896993505239777
0,rf,2015-12-18,1,0,0.48934869095504646
0,rf,2015-12-21,1,0,0.49106060676977903
0,rf,2015-12-22,1,1,0.523829140454517
0,rf,2015-12-23,0,1,0.6071396175484078
0,rf,2015-12-24,0,1,0.6169965851403698
0,rf,2015-12-28,1,1,0.5281913580419145
0,rf,2015-12-29,0,1,0.5986335299273392
0,rf,2015-12-30,0,1,0.5584544942078968
0,rf,2015-12-31,0,1,0.5329794395255669
0,rf,2016-01-04,1,0,0.4713272076864688
0,rf,2016-01-05,0,0,0.4975482072328178
0,rf,2016-01-06,0,0,0.4355405263827288
0,rf,2016-01-07,0,0,0.4799264865639488
0,rf,2016-01-08,1,1,0.5300073370594862
0,rf,2016-01-11,1,0,0.4912597218654603
0,rf,2016-01-12,0,1,0.570339323287384
0,rf,2016-01-13,1,1,0.5852985613482445
0,rf,2016-01-14,0,1,0.6383079953615841
0,rf,2016-01-15,1,1,0.5551438165611206
0,rf,2016-01-19,0,1,0.5672265792926817
0,rf,2016-01-20,1,1,0.6690619162059039
0,rf,2016-01-21,1,1,0.5542967516484315
0,rf,2016-01-22,0,1,0.6181615272895955
0,rf,2016-01-25,1,1,0.6552608210941376
0,rf,2016-01-26,0,1,0.5827301730334729
0,rf,2016-01-27,1,1,0.6096361860645216
0,rf,2016-01-28,1,1,0.5269113662608261
0,rf,2016-01-29,0,1,0.5981915555184114
0,rf,2016-02-01,0,1,0.5691262552952077
0,rf,2016-02-02,1,1,0.5258170199785386
0,rf,2016-02-03,1,1,0.5058782168144469
0,rf,2016-02-04,0,0,0.4848763820156126
0,rf,2016-02-05,0,1,0.5689205175699314
0,rf,2016-02-08,1,1,0.6360809168577898
0,rf,2016-02-09,0,1,0.5875300217735797
0,rf,2016-02-10,0,1,0.5666468621618129
0,rf,2016-02-11,1,1,0.6152267444663363
0,rf,2016-02-12,1,1,0.6493088620466202
0,rf,2016-02-16,1,1,0.5823820687282418
0,rf,2016-02-17,0,1,0.5365189860344527
0,rf,2016-02-18,0,1,0.571107928307091
0,rf,2016-02-19,1,0,0.45169404665371615
0,rf,2016-02-22,0,1,0.5495920493701185
0,rf,2016-02-23,1,1,0.5180178630050515
0,rf,2016-02-24,1,1,0.5063247442250913
0,rf,2016-02-25,0,1,0.5384910836207357
0,rf,2016-02-26,0,1,0.5201609667272126
0,rf,2016-02-29,1,1,0.5593727847490628
0,rf,2016-03-01,1,1,0.5152794006713013
0,rf,2016-03-02,1,1,0.5296325337001113
0,rf,2016-03-03,1,0,0.4756927085435076
0,rf,2016-03-04,1,1,0.5216962096605041
0,rf,2016-03-07,0,1,0.5120179279453587
0,rf,2016-03-08,1,1,0.5464990557790208
0,rf,2016-03-09,1,1,0.5291187693103607
0,rf,2016-03-10,1,1,0.5356105042626909
0,rf,2016-03-11,0,1,0.5243609901675129
0,rf,2016-03-14,0,1,0.5979173124570301
0,rf,2016-03-15,1,1,0.5448104646342621
0,rf,2016-03-16,1,1,0.5855271091146786
0,rf,2016-03-17,1,0,0.48822478403475894
0,rf,2016-03-18,1,0,0.49942833215697324
0,rf,2016-03-21,0,0,0.49751929779683907
0,rf,2016-03-22,0,1,0.5023062902882502
0,rf,2016-03-23,0,1,0.5557383490663228
0,rf,2016-03-24,1,1,0.5228605641059164
0,rf,2016-03-28,1,1,0.5582903073991574
0,rf,2016-03-29,1,1,0.516311150054108
0,rf,2016-03-30,0,0,0.48558276194091415
0,rf,2016-03-31,1,0,0.4945118896708949
0,rf,2016-04-01,0,0,0.48207127432647773
0,rf,2016-04-04,0,1,0.521830885165463
0,rf,2016-04-05,1,1,0.5448367231767582
0,rf,2016-04-06,0,1,0.546251388297394
0,rf,2016-04-07,1,1,0.5133465559103286
0,rf,2016-04-08,0,1,0.5166222711765687
0,rf,2016-04-11,1,1,0.5081372353202556
0,rf,2016-04-12,1,0,0.49990747538831004
0,rf,2016-04-13,1,1,0.6089081610000817
0,rf,2016-04-14,0,0,0.47901157290370044
0,rf,2016-04-15,1,1,0.5176618974412767
0,rf,2016-04-18,1,1,0.5075854618652189
0,rf,2016-04-19,1,1,0.5813222490547088
2,majority,2016-11-08,1,1,0.5476864966949953
2,majority,2016-11-09,1,1,0.5476864966949953
2,majority,2016-11-10,0,1,0.5476864966949953
2,majority,2016-11-11,1,1,0.5476864966949953
2,majority,2016-11-14,1,1,0.5476864966949953
2,majority,2016-11-15,0,1,0.5476864966949953
2,majority,2016-11-16,1,1,0.5476864966949953
2,majority,2016-11-17,0,1,0.5476864966949953
2,majority,2016-11-18,1,1,0.5476864966949953
2,majority,2016-11-21,1,1,0.5476864966949953
2,majority,2016-11-22,1,1,0.5476864966949953
2,majority,2016-11-23,1,1,0.5476864966949953
2,majority,2016-11-25,0,1,0.5476864966949953
2,majority,2016-11-28,1,1,0.5476864966949953
2,majority,2016-11-29,0,1,0.5476864966949953
2,majority,2016-11-30,0,1,0.5476864966949953
2,majority,2016-12-01,1,1,0.5476864966949953
2,majority,2016-12-02,1,1,0.5476864966949953
2,majority,2016-12-05,1,1,0.5476864966949953
2,majority,2016-12-06,1,1,0.5476864966949953
2,majority,2016-12-07,1,1,0.5476864966949953
2,majority,2016-12-08,1,1,0.5476864966949953
2,majority,2016-12-09,0,1,0.5476864966949953
2,majority,2016-12-12,1,1,0.5476864966949953
2,majority,2016-12-13,0,1,0.5476864966949953
2,majority,2016-12-14,1,1,0.5476864966949953
2,majority,2016-12-15,0,1,0.5476864966949953
2,majority,2016-12-16,1,1,0.5476864966949953
2,majority,2016-12-19,1,1,0.5476864966949953
2,majority,2016-12-20,0,1,0.5476864966949953
2,majority,2016-12-21,0,1,0.5476864966949953
2,majority,2016-12-22,1,1,0.5476864966949953
2,majority,2016-12-23,1,1,0.5476864966949953
2,majority,2016-12-27,0,1,0.5476864966949953
2,majority,2016-12-28,0,1,0.5476864966949953
2,majority,2016-12-29,0,1,0.5476864966949953
2,majority,2016-12-30,1,1,0.5476864966949953
2,majority,2017-01-03,1,1,0.5476864966949953
2,majority,2017-01-04,0,1,0.5476864966949953
2,majority,2017-01-05,1,1,0.5476864966949953
2,majority,2017-01-06,0,1,0.5476864966949953
2,majority,2017-01-09,0,1,0.5476864966949953
2,majority,2017-01-10,1,1,0.5476864966949953
2,majority,2017-01-11,0,1,0.5476864966949953
2,majority,2017-01-12,1,1,0.5476864966949953
2,majority,2017-01-13,0,1,0.5476864966949953
2,majority,2017-01-17,1,1,0.5476864966949953
2,majority,2017-01-18,0,1,0.5476864966949953
2,majority,2017-01-19,1,1,0.5476864966949953
2,majority,2017-01-20,0,1,0.5476864966949953
2,majority,2017-01-23,1,1,0.5476864966949953
2,majority,2017-01-24,1,1,0.5476864966949953
2,majority,2017-01-25,0,1,0.5476864966949953
2,majority,2017-01-26,0,1,0.5476864966949953
2,majority,2017-01-27,0,1,0.5476864966949953
2,majority,2017-01-30,0,1,0.5476864966949953
2,majority,2017-01-31,1,1,0.5476864966949953
2,majority,2017-02-01,1,1,0.5476864966949953
2,majority,2017-02-02,1,1,0.5476864966949953
2,majority,2017-02-03,0,1,0.5476864966949953
2,majority,2017-02-06,1,1,0.5476864966949953
2,majority,2017-02-07,1,1,0.5476864966949953
2,majority,2017-02-08,1,1,0.5476864966949953
2,majority,2017-02-09,1,1,0.5476864966949953
2,majority,2017-02-10,1,1,0.5476864966949953
2,majority,2017-02-13,1,1,0.5476864966949953
2,majority,2017-02-14,1,1,0.5476864966949953
2,majority,2017-02-15,0,1,0.5476864966949953
2,majority,2017-02-16,1,1,0.5476864966949953
2,majority,2017-02-17,1,1,0.5476864966949953
2,majority,2017-02-21,0,1,0.5476864966949953
2,majority,2017-02-22,1,1,0.5476864966949953
2,majority,2017-02-23,1,1,0.5476864966949953
2,majority,2017-02-24,1,1,0.5476864966949953
2,majority,2017-02-27,0,1,0.5476864966949953
2,majority,2017-02-28,1,1,0.5476864966949953
2,majority,2017-03-01,0,1,0.5476864966949953
2,majority,2017-03-02,1,1,0.5476864966949953
2,majority,2017-03-03,0,1,0.5476864966949953
2,majority,2017-03-06,0,1,0.5476864966949953
2,majority,2017-03-07,0,1,0.5476864966949953
2,majority,2017-03-08,1,1,0.5476864966949953
2,majority,2017-03-09,1,1,0.5476864966949953
2,majority,2017-03-10,1,1,0.5476864966949953
2,majority,2017-03-13,0,1,0.5476864966949953
2,majority,2017-03-14,1,1,0.5476864966949953
2,majority,2017-03-15,0,1,0.5476864966949953
2,majority,2017-03-16,0,1,0.5476864966949953
2,majority,2017-03-17,0,1,0.5476864966949953
2,majority,2017-03-20,0,1,0.5476864966949953
2,majority,2017-03-21,1,1,0.5476864966949953
2,majority,2017-03-22,0,1,0.5476864966949953
2,majority,2017-03-23,0,1,0.5476864966949953
2,majority,2017-03-24,0,1,0.5476864966949953
2,majority,2017-03-27,1,1,0.5476864966949953
2,majority,2017-03-28,1,1,0.5476864966949953
2,majority,2017-03-29,1,1,0.5476864966949953
2,majority,2017-03-30,0,1,0.5476864966949953
2,majority,2017-03-31,0,1,0.5476864966949953
2,majority,2017-04-03,1,1,0.5476864966949953
2,majority,2017-04-04,0,1,0.5476864966949953
2,majority,2017-04-05,1,1,0.5476864966949953
2,majority,2017-04-06,0,1,0.5476864966949953
2,majority,2017-04-07,1,1,0.5476864966949953
2,majority,2017-04-10,0,1,0.5476864966949953
2,majority,2017-04-11,0,1,0.5476864966949953
2,majority,2017-04-12,0,1,0.5476864966949953
2,majority,2017-04-13,1,1,0.5476864966949953
2,majority,2017-04-17,0,1,0.5476864966949953
2,majority,2017-04-18,0,1,0.5476864966949953
2,majority,2017-04-19,1,1,0.5476864966949953
2,majority,2017-04-20,0,1,0.5476864966949953
2,majority,2017-04-21,1,1,0.5476864966949953
2,majority,2017-04-24,1,1,0.5476864966949953
2,majority,2017-04-25,0,1,0.5476864966949953
2,majority,2017-04-26,1,1,0.5476864966949953
2,majority,2017-04-27,0,1,0.5476864966949953
2,majority,2017-04-28,1,1,0.5476864966949953
2,majority,2017-05-01,1,1,0.5476864966949953
2,majority,2017-05-02,0,1,0.5476864966949953
2,majority,2017-05-03,1,1,0.5476864966949953
2,majority,2017-05-04,1,1,0.5476864966949953
2,majority,2017-05-05,0,1,0.5476864966949953
2,majority,2017-05-08,0,1,0.5476864966949953
2,majority,2017-05-09,1,1,0.5476864966949953
2,majority,2017-05-10,0,1,0.5476864966949953
2,naive,2016-11-08,1,1,0.5
2,naive,2016-11-09,1,1,0.5
2,naive,2016-11-10,0,1,0.5
2,naive,2016-11-11,1,0,0.5
2,naive,2016-11-14,1,1,0.5
2,naive,2016-11-15,0,1,0.5
2,naive,2016-11-16,1,0,0.5
2,naive,2016-11-17,0,1,0.5
2,naive,2016-11-18,1,0,0.5
2,naive,2016-11-21,1,1,0.5
2,naive,2016-11-22,1,1,0.5
2,naive,2016-11-23,1,1,0.5
2,naive,2016-11-25,0,1,0.5
2,naive,2016-11-28,1,0,0.5
2,naive,2016-11-29,0,1,0.5
2,naive,2016-11-30,0,0,0.5
2,naive,2016-12-01,1,0,0.5
2,naive,2016-12-02,1,1,0.5
2,naive,2016-12-05,1,1,0.5
2,naive,2016-12-06,1,1,0.5
2,naive,2016-12-07,1,1,0.5
2,naive,2016-12-08,1,1,0.5
2,naive,2016-12-09,0,1,0.5
2,naive,2016-12-12,1,0,0.5
2,naive,2016-12-13,0,1,0.5
2,naive,2016-12-14,1,0,0.5
2,naive,2016-12-15,0,1,0.5
2,naive,2016-12-16,1,0,0.5
2,naive,2016-12-19,1,1,0.5
2,naive,2016-12-20,0,1,0.5
2,naive,2016-12-21,0,0,0.5
2,naive,2016-12-22,1,0,0.5
2,naive,2016-12-23,1,1,0.5
2,naive,2016-12-27,0,1,0.5
2,naive,2016-12-28,0,0,0.5
2,naive,2016-12-29,0,0,0.5
2,naive,2016-12-30,1,0,0.5
2,naive,2017-01-03,1,1,0.5
2,naive,2017-01-04,0,1,0.5
2,naive,2017-01-05,1,0,0.5
2,naive,2017-01-06,0,1,0.5
2,naive,2017-01-09,0,0,0.5
2,naive,2017-01-10,1,0,0.5
2,naive,2017-01-11,0,1,0.5
2,naive,2017-01-12,1,0,0.5
2,naive,2017-01-13,0,1,0.5
2,naive,2017-01-17,1,0,0.5
2,naive,2017-01-18,0,1,0.5
2,naive,2017-01-19,1,0,0.5
2,naive,2017-01-20,0,1,0.5
2,naive,2017-01-23,1,0,0.5
2,naive,2017-01-24,1,1,0.5
2,naive,2017-01-25,0,1,0.5
2,naive,2017-01-26,0,0,0.5
2,naive,2017-01-27,0,0,0.5
2,naive,2017-01-30,0,0,0.5
2,naive,2017-01-31,1,0,0.5
2,naive,2017-02-01,1,1,0.5
2,naive,2017-02-02,1,1,0.5
2,naive,2017-02-03,0,1,0.5
2,naive,2017-02-06,1,0,0.5
2,naive,2017-02-07,1,1,0.5
2,naive,2017-02-08,1,1,0.5
2,naive,2017-02-09,1,1,0.5
2,naive,2017-02-10,1,1,0.5
2,naive,2017-02-13,1,1,0.5
2,naive,2017-02-14,1,1,0.5
2,naive,2017-02-15,0,1,0.5
2,naive,2017-02-16,1,0,0.5
2,naive,2017-02-17,1,1,0.5
2,naive,2017-02-21,0,1,0.5
2,naive,2017-02-22,1,0,0.5
2,naive,2017-02-23,1,1,0.5
2,naive,2017-02-24,1,1,0.5
2,naive,2017-02-27,0,1,0.5
2,naive,2017-02-28,1,0,0.5
2,naive,2017-03-01,0,1,0.5
2,naive,2017-03-02,1,0,0.5
2,naive,2017-03-03,0,1,0.5
2,naive,2017-03-06,0,0,0.5
2,naive,2017-03-07,0,0,0.5
2,naive,2017-03-08,1,0,0.5
2,naive,2017-03-09,1,1,0.5
2,naive,2017-03-10,1,1,0.5
2,naive,2017-03-13,0,1,0.5
2,naive,2017-03-14,1,0,0.5
2,naive,2017-03-15,0,1,0.5
2,naive,2017-03-16,0,0,0.5
2,naive,2017-03-17,0,0,0.5
2,naive,2017-03-20,0,0,0.5
2,naive,2017-03-21,1,0,0.5
2,naive,2017-03-22,0,1,0.5
2,naive,2017-03-23,0,0,0.5
2,naive,2017-03-24,0,0,0.5
2,naive,2017-03-27,1,0,0.5
2,naive,2017-03-28,1,1,0.5
2,naive,2017-03-29,1,1,0.5
2,naive,2017-03-30,0,1,0.5
2,naive,2017-03-31,0,0,0.5
2,naive,2017-04-03,1,0,0.5
2,naive,2017-04-04,0,1,0.5
2,naive,2017-04-05,1,0,0.5
2,naive,2017-04-06,0,1,0.5
2,naive,2017-04-07,1,0,0.5
2,naive,2017-04-10,0,1,0.5
2,naive,2017-04-11,0,0,0.5
2,naive,2017-04-12,0,0,0.5
2,naive,2017-04-13,1,0,0.5
2,naive,2017-04-17,0,1,0.5
2,naive,2017-04-18,0,0,0.5
2,naive,2017-04-19,1,0,0.5
2,naive,2017-04-20,0,1,0.5
2,naive,2017-04-21,1,0,0.5
2,naive,2017-04-24,1,1,0.5
2,naive,2017-04-25,0,1,0.5
2,naive,2017-04-26,1,0,0.5
2,naive,2017-04-27,0,1,0.5
2,naive,2017-04-28,1,0,0.5
2,naive,2017-05-01,1,1,0.5
2,naive,2017-05-02,0,1,0.5
2,naive,2017-05-03,1,0,0.5
2,naive,2017-05-04,1,1,0.5
2,naive,2017-05-05,0,1,0.5
2,naive,2017-05-08,0,0,0.5
2,naive,2017-05-09,1,0,0.5
2,naive,2017-05-10,0,1,0.5
2,logistic,2016-11-08,1,0,0.4877493642559014
2,logistic,2016-11-09,1,0,0.4800882814604706
2,logistic,2016-11-10,0,0,0.4482363916195869
2,logistic,2016-11-11,1,1,0.5020734834767192
2,logistic,2016-11-14,1,1,0.5096538871803674
2,logistic,2016-11-15,0,0,0.4836165424496617
2,logistic,2016-11-16,1,1,0.5065764953589682
2,logistic,2016-11-17,0,0,0.47755141174408156
2,logistic,2016-11-18,1,0,0.4651263426707504
2,logistic,2016-11-21,1,0,0.4802514312634636
2,logistic,2016-11-22,1,0,0.4769884083400831
2,logistic,2016-11-23,1,0,0.4753421312056899
2,logistic,2016-11-25,0,0,0.4636936848548374
2,logistic,2016-11-28,1,0,0.48162441126700306
2,logistic,2016-11-29,0,0,0.49009575607172634
2,logistic,2016-11-30,0,0,0.47819852273030217
2,logistic,2016-12-01,1,0,0.4899705616376308
2,logistic,2016-12-02,1,0,0.46216018285746635
2,logistic,2016-12-05,1,0,0.43322417896137483
2,logistic,2016-12-06,1,0,0.44165126633991286
2,logistic,2016-12-07,1,0,0.41738222994227375
2,logistic,2016-12-08,1,0,0.4189559859548409
2,logistic,2016-12-09,0,0,0.4332658940198161
2,logistic,2016-12-12,1,0,0.429660461340953
2,logistic,2016-12-13,0,0,0.4365707240194989
2,logistic,2016-12-14,1,0,0.45530713326182526
2,logistic,2016-12-15,0,0,0.43472507302583985
2,logistic,2016-12-16,1,0,0.42595863320978944
2,logistic,2016-12-19,1,0,0.43687285157949624
2,logistic,2016-12-20,0,0,0.418623951035342
2,logistic,2016-12-21,0,0,0.4175252815237142
2,logistic,2016-12-22,1,0,0.4309521121172009
2,logistic,2016-12-23,1,0,0.4180532110571295
2,logistic,2016-12-27,0,0,0.4360698030808409
2,logistic,2016-12-28,0,0,0.4618271232789296
2,logistic,2016-12-29,0,0,0.44471351096378703
2,logistic,2016-12-30,1,0,0.4492257299943711
2,logistic,2017-01-03,1,0,0.449384431093403
2,logistic,2017-01-04,0,0,0.42497988281536153
2,logistic,2017-01-05,1,0,0.41540291890459585
2,logistic,2017-01-06,0,0,0.4048795070314602
2,logistic,2017-01-09,0,0,0.4159360898022186
2,logistic,2017-01-10,1,0,0.4430634563907159
2,logistic,2017-01-11,0,0,0.4258592519733687
2,logistic,2017-01-12,1,0,0.4373801779566655
2,logistic,2017-01-13,0,0,0.4308330676486017
2,logistic,2017-01-17,1,0,0.4294674484150934
2,logistic,2017-01-18,0,0,0.4433681147642518
2,logistic,2017-01-19,1,0,0.4470256574358089
2,logistic,2017-01-20,0,0,0.44100342647230023
2,logistic,2017-01-23,1,0,0.44983587683892334
2,logistic,2017-01-24,1,0,0.4434144789922116
2,logistic,2017-01-25,0,0,0.4398241054834395
2,logistic,2017-01-26,0,0,0.45852214589706125
2,logistic,2017-01-27,0,0,0.45652216652589894
2,logistic,2017-01-30,0,0,0.45168295797258684
2,logistic,2017-01-31,1,0,0.475914411567317
2,logistic,2017-02-01,1,0,0.4718293222634749
2,logistic,2017-02-02,1,0,0.4639224818831451
2,logistic,2017-02-03,0,0,0.4405677824589702
2,logistic,2017-02-06,1,0,0.4470294021915287
2,logistic,2017-02-07,1,0,0.4569503936337015
2,logistic,2017-02-08,1,0,0.4420567247367581
2,logistic,2017-02-09,1,0,0.45644437112752073
2,logistic,2017-02-10,1,0,0.4607335029397027
2,logistic,2017-02-13,1,0,0.4485766968449868
2,logistic,2017-02-14,1,0,0.44921612563051666
2,logistic,2017-02-15,0,0,0.4574648672074136
2,logistic,2017-02-16,1,0,0.4644918727096086
2,logistic,2017-02-17,1,0,0.45361662217027043
2,logistic,2017-02-21,0,0,0.4465337612225819
2,logistic,2017-02-22,1,0,0.46041278751479026
2,logistic,2017-02-23,1,0,0.4505451108409549
2,logistic,2017-02-24,1,0,0.4321538345787369
2,logistic,2017-02-27,0,0,0.4486697556266314
2,logistic,2017-02-28,1,0,0.4557278231534081
2,logistic,2017-03-01,0,0,0.42694652596741484
2,logistic,2017-03-02,1,0,0.45272554523577085
2,logistic,2017-03-03,0,0,0.4530131611285636
2,logistic,2017-03-06,0,0,0.4257961321922081
2,logistic,2017-03-07,0,0,0.4633812590883707
2,logistic,2017-03-08,1,0,0.46863280314008754
2,logistic,2017-03-09,1,0,0.4312026437798866
2,logistic,2017-03-10,1,0,0.43742513380172665
2,logistic,2017-03-13,0,0,0.43172650978183436
2,logistic,2017-03-14,1,0,0.4369993075545386
2,logistic,2017-03-15,0,0,0.4139199644600381
2,logistic,2017-03-16,0,0,0.4381948244424845
2,logistic,2017-03-17,0,0,0.4508699900478568
2,logistic,2017-03-20,0,0,0.4195179589154599
2,logistic,2017-03-21,1,0,0.4683598775479123
2,logistic,2017-03-22,0,0,0.4701118342952781
2,logistic,2017-03-23,0,0,0.46233756999925163
2,logistic,2017-03-24,0,0,0.49302516203132446
2,logistic,2017-03-27,1,0,0.465872005084454
2,logistic,2017-03-28,1,0,0.44617787203361925
2,logistic,2017-03-29,1,0,0.47705490906907816
2,logistic,2017-03-30,0,0,0.47123455999225744
2,logistic,2017-03-31,0,0,0.46594282188801117
2,logistic,2017-04-03,1,0,0.480159577187941
2,logistic,2017-04-04,0,0,0.48717216519432094
2,logistic,2017-04-05,1,0,0.4933963626962653
2,logistic,2017-04-06,0,0,0.4841388270867595
2,logistic,2017-04-07,1,0,0.4773071251360183
2,logistic,2017-04-10,0,0,0.4782987557216385
2,logistic,2017-04-11,0,0,0.47721918516296974
2,logistic,2017-04-12,0,0,0.4884916925634985
2,logistic,2017-04-13,1,1,0.5050787792713932
2,logistic,2017-04-17,0,0,0.4767119931806856
2,logistic,2017-04-18,0,1,0.5030130443831095
2,logistic,2017-04-19,1,1,0.5086537160168246
2,logistic,2017-04-20,0,0,0.45585055781479705
2,logistic,2017-04-21,1,0,0.4965546403652625
2,logistic,2017-04-24,1,0,0.4900432607894286
2,logistic,2017-04-25,0,0,0.45584431054199165
2,logistic,2017-04-26,1,0,0.4901511914423883
2,logistic,2017-04-27,0,0,0.4730107377311863
2,logistic,2017-04-28,1,0,0.4698384211426266
2,logistic,2017-05-01,1,0,0.4948890577907625
2,logistic,2017-05-02,0,0,0.478615821331938
2,logistic,2017-05-03,1,0,0.4753462170539403
2,logistic,2017-05-04,1,0,0.46112906140645255
2,logistic,2017-05-05,0,0,0.4605350881149835
2,logistic,2017-05-08,0,0,0.4745725720952523
2,logistic,2017-05-09,1,0,0.4669049661873684
2,logistic,2017-05-10,0,0,0.4568500915777404
2,rf,2016-11-08,1,1,0.5336810382042592
2,rf,2016-11-09,1,0,0.4673146308050621
2,rf,2016-11-10,0,0,0.47195497927251834
2,rf,2016-11-11,1,0,0.4838579124999435
2,rf,2016-11-14,1,0,0.483634456898497
2,rf,2016-11-15,0,0,0.49211952141781856
2,rf,2016-11-16,1,0,0.49048616029390063
2,rf,2016-11-17,0,0,0.467979078674805
2,rf,2016-11-18,1,0,0.47998909473446993
2,rf,2016-11-21,1,0,0.4485462511625018
2,rf,2016-11-22,1,1,0.5011814220361023
2,rf,2016-11-23,1,0,0.43453125429172623
2,rf,2016-11-25,0,0,0.4536777359799789
2,rf,2016-11-28,1,0,0.47630600860659605
2,rf,2016-11-29,0,1,0.5015114723491801
2,rf,2016-11-30,0,0,0.47152397178075667
2,rf,2016-12-01,1,0,0.4786662631610764
2,rf,2016-12-02,1,0,0.47850802639427586
2,rf,2016-12-05,1,0,0.45150361306648024
2,rf,2016-12-06,1,0,0.4674780855063684
2,rf,2016-12-07,1,0,0.45211596546746097
2,rf,2016-12-08,1,0,0.45134520082282203
2,rf,2016-12-09,0,0,0.4299036375818712
2,rf,2016-12-12,1,0,0.48924726607387004
2,rf,2016-12-13,0,0,0.43537097212832987
2,rf,2016-12-14,1,1,0.5223466114079084
2,rf,2016-12-15,0,0,0.44794440984375133
2,rf,2016-12-16,1,1,0.5114121602074723
2,rf,2016-12-19,1,0,0.48872506742826405
2,rf,2016-12-20,0,0,0.4863444879984024
2,rf,2016-12-21,0,0,0.46347457523183183
2,rf,2016-12-22,1,1,0.5026954917443838
2,rf,2016-12-23,1,0,0.4891189565964434
2,rf,2016-12-27,0,0,0.4963683459050178
2,rf,2016-12-28,0,1,0.5010817923423886
2,rf,2016-12-29,0,0,0.47933470362070724
2,rf,2016-12-30,1,0,0.46652688149522753
2,rf,2017-01-03,1,1,0.5031747175270048
2,rf,2017-01-04,0,0,0.4793705602600956
2,rf,2017-01-05,1,0,0.47488324749050265
2,rf,2017-01-06,0,0,0.46895562860532447
2,rf,2017-01-09,0,0,0.4631396195422543
2,rf,2017-01-10,1,0,0.49491252412540293
2,rf,2017-01-11,0,0,0.49923826105501157
2,rf,2017-01-12,1,0,0.48385340289499984
2,rf,2017-01-13,0,0,0.4773670815919975
2,rf,2017-01-17,1,0,0.46522435204475965
2,rf,2017-01-18,0,0,0.47059715032194627
2,rf,2017-01-19,1,0,0.45883327288432735
2,rf,2017-01-20,0,0,0.46414061993675915
2,rf,2017-01-23,1,0,0.45951310285863844
2,rf,2017-01-24,1,0,0.4718651480289119
2,rf,2017-01-25,0,0,0.47355078135627054
2,rf,2017-01-26,0,0,0.4632483208873133
2,rf,2017-01-27,0,0,0.4746285562163763
2,rf,2017-01-30,0,0,0.46827433342897784
2,rf,2017-01-31,1,0,0.49079377872414465
2,rf,2017-02-01,1,0,0.48943913375882675
2,rf,2017-02-02,1,0,0.47758286433298414
2,rf,2017-02-03,0,0,0.47008131276180015
2,rf,2017-02-06,1,0,0.461545285488927
2,rf,2017-02-07,1,0,0.4691907274343121
2,rf,2017-02-08,1,0,0.47325596048953117
2,rf,2017-02-09,1,0,0.4719573127829196
2,rf,2017-02-10,1,0,0.4801957760941708
2,rf,2017-02-13,1,0,0.4527359276351825
2,rf,2017-02-14,1,0,0.46036584191268787
2,rf,2017-02-15,0,0,0.4541302505835617
2,rf,2017-02-16,1,0,0.482956757740412
2,rf,2017-02-17,1,0,0.44564788721495047
2,rf,2017-02-21,0,0,0.45132769719391924
2,rf,2017-02-22,1,0,0.44457703786327474
2,rf,2017-02-23,1,0,0.46419772064460013
2,rf,2017-02-24,1,0,0.4316501655798956
2,rf,2017-02-27,0,0,0.4377594426541546
2,rf,2017-02-28,1,0,0.4847629872062473
2,rf,2017-03-01,0,0,0.39234353145901885
2,rf,2017-03-02,1,0,0.4533751672906895
2,rf,2017-03-03,0,0,0.4429002529205991
2,rf,2017-03-06,0,0,0.4854100053921248
2,rf,2017-03-07,0,1,0.5064773062119198
2,rf,2017-03-08,1,1,0.5357873318111772
2,rf,2017-03-09,1,0,0.49092624234076426
2,rf,2017-03-10,1,0,0.49273234512739067
2,rf,2017-03-13,0,0,0.4641608491812361
2,rf,2017-03-14,1,0,0.47040719186943447
2,rf,2017-03-15,0,0,0.4642802485615982
2,rf,2017-03-16,0,0,0.47620143650649366
2,rf,2017-03-17,0,1,0.5050770098077292
2,rf,2017-03-20,0,0,0.4777479542509784
2,rf,2017-03-21,1,0,0.4927688426592514
2,rf,2017-03-22,0,1,0.5147390066124778
2,rf,2017-03-23,0,0,0.4525402239280527
2,rf,2017-03-24,0,1,0.5208826678775829
2,rf,2017-03-27,1,1,0.5070341427373725
2,rf,2017-03-28,1,0,0.46974001722448727
2,rf,2017-03-29,1,0,0.4713729264110153
2,rf,2017-03-30,0,0,0.46196487090298255
2,rf,2017-03-31,0,0,0.4688527775955359
2,rf,2017-04-03,1,0,0.47277525323039565
2,rf,2017-04-04,0,0,0.4876757063571165
2,rf,2017-04-05,1,0,0.47577833009733184
2,rf,2017-04-06,0,0,0.4634336167604416
2,rf,2017-04-07,1,0,0.4635225085688785
2,rf,2017-04-10,0,0,0.47437843683227643
2,rf,2017-04-11,0,0,0.4808707213139482
2,rf,2017-04-12,0,0,0.48110295693205934
2,rf,2017-04-13,1,1,0.5005845938149777
2,rf,2017-04-17,0,0,0.4694918351708598
2,rf,2017-04-18,0,0,0.4807833586973923
2,rf,2017-04-19,1,0,0.48919784671346367
2,rf,2017-04-20,0,0,0.4684439865952381
2,rf,2017-04-21,1,0,0.47423543558333486
2,rf,2017-04-24,1,0,0.4881016582012028
2,rf,2017-04-25,0,0,0.4673206983627286
2,rf,2017-04-26,1,0,0.47404658640106023
2,rf,2017-04-27,0,0,0.4971739217333033
2,rf,2017-04-28,1,0,0.471932036398715
2,rf,2017-05-01,1,0,0.4890934663930012
2,rf,2017-05-02,0,0,0.4872996598479092
2,rf,2017-05-03,1,0,0.46120223402325905
2,rf,2017-05-04,1,0,0.461568091549501
2,rf,2017-05-05,0,0,0.46444347637647826
2,rf,2017-05-08,0,0,0.47829543746464775
2,rf,2017-05-09,1,0,0.4745916699270851
2,rf,2017-05-10,0,0,0.47641450613234326
17,majority,2024-10-07,1,1,0.5444234404536862
17,majority,2024-10-08,1,1,0.5444234404536862
17,majority,2024-10-09,0,1,0.5444234404536862
17,majority,2024-10-10,1,1,0.5444234404536862
17,majority,2024-10-11,1,1,0.5444234404536862
17,majority,2024-10-14,0,1,0.5444234404536862
17,majority,2024-10-15,1,1,0.5444234404536862
17,majority,2024-10-16,1,1,0.5444234404536862
17,majority,2024-10-17,1,1,0.5444234404536862
17,majority,2024-10-18,0,1,0.5444234404536862
17,majority,2024-10-21,0,1,0.5444234404536862
17,majority,2024-10-22,0,1,0.5444234404536862
17,majority,2024-10-23,1,1,0.5444234404536862
17,majority,2024-10-24,0,1,0.5444234404536862
17,majority,2024-10-25,1,1,0.5444234404536862
17,majority,2024-10-28,1,1,0.5444234404536862
17,majority,2024-10-29,0,1,0.5444234404536862
17,majority,2024-10-30,0,1,0.5444234404536862
17,majority,2024-10-31,1,1,0.5444234404536862
17,majority,2024-11-01,0,1,0.5444234404536862
17,majority,2024-11-04,1,1,0.5444234404536862
17,majority,2024-11-05,1,1,0.5444234404536862
17,majority,2024-11-06,1,1,0.5444234404536862
17,majority,2024-11-07,1,1,0.5444234404536862
17,majority,2024-11-08,1,1,0.5444234404536862
17,majority,2024-11-11,0,1,0.5444234404536862
17,majority,2024-11-12,1,1,0.5444234404536862
17,majority,2024-11-13,0,1,0.5444234404536862
17,majority,2024-11-14,0,1,0.5444234404536862
17,majority,2024-11-15,1,1,0.5444234404536862
17,majority,2024-11-18,1,1,0.5444234404536862
17,majority,2024-11-19,1,1,0.5444234404536862
17,majority,2024-11-20,1,1,0.5444234404536862
17,majority,2024-11-21,1,1,0.5444234404536862
17,majority,2024-11-22,1,1,0.5444234404536862
17,majority,2024-11-25,1,1,0.5444234404536862
17,majority,2024-11-26,0,1,0.5444234404536862
17,majority,2024-11-27,1,1,0.5444234404536862
17,majority,2024-11-29,1,1,0.5444234404536862
17,majority,2024-12-02,1,1,0.5444234404536862
17,majority,2024-12-03,1,1,0.5444234404536862
17,majority,2024-12-04,0,1,0.5444234404536862
17,majority,2024-12-05,1,1,0.5444234404536862
17,majority,2024-12-06,0,1,0.5444234404536862
17,majority,2024-12-09,0,1,0.5444234404536862
17,majority,2024-12-10,1,1,0.5444234404536862
17,majority,2024-12-11,0,1,0.5444234404536862
17,majority,2024-12-12,0,1,0.5444234404536862
17,majority,2024-12-13,1,1,0.5444234404536862
17,majority,2024-12-16,0,1,0.5444234404536862
17,majority,2024-12-17,0,1,0.5444234404536862
17,majority,2024-12-18,0,1,0.5444234404536862
17,majority,2024-12-19,1,1,0.5444234404536862
17,majority,2024-12-20,1,1,0.5444234404536862
17,majority,2024-12-23,1,1,0.5444234404536862
17,majority,2024-12-24,1,1,0.5444234404536862
17,majority,2024-12-26,0,1,0.5444234404536862
17,majority,2024-12-27,0,1,0.5444234404536862
17,majority,2024-12-30,0,1,0.5444234404536862
17,majority,2024-12-31,0,1,0.5444234404536862
17,majority,2025-01-02,1,1,0.5444234404536862
17,majority,2025-01-03,1,1,0.5444234404536862
17,majority,2025-01-06,0,1,0.5444234404536862
17,majority,2025-01-07,1,1,0.5444234404536862
17,majority,2025-01-08,0,1,0.5444234404536862
17,majority,2025-01-10,1,1,0.5444234404536862
17,majority,2025-01-13,1,1,0.5444234404536862
17,majority,2025-01-14,1,1,0.5444234404536862
17,majority,2025-01-15,0,1,0.5444234404536862
17,majority,2025-01-16,1,1,0.5444234404536862
17,majority,2025-01-17,1,1,0.5444234404536862
17,majority,2025-01-21,1,1,0.5444234404536862
17,majority,2025-01-22,1,1,0.5444234404536862
17,majority,2025-01-23,0,1,0.5444234404536862
17,majority,2025-01-24,0,1,0.5444234404536862
17,majority,2025-01-27,1,1,0.5444234404536862
17,majority,2025-01-28,0,1,0.5444234404536862
17,majority,2025-01-29,1,1,0.5444234404536862
17,majority,2025-01-30,0,1,0.5444234404536862
17,majority,2025-01-31,0,1,0.5444234404536862
17,majority,2025-02-03,1,1,0.5444234404536862
17,majority,2025-02-04,1,1,0.5444234404536862
17,majority,2025-02-05,1,1,0.5444234404536862
17,majority,2025-02-06,0,1,0.5444234404536862
17,majority,2025-02-07,1,1,0.5444234404536862
17,majority,2025-02-10,1,1,0.5444234404536862
17,majority,2025-02-11,0,1,0.5444234404536862
17,majority,2025-02-12,1,1,0.5444234404536862
17,majority,2025-02-13,0,1,0.5444234404536862
17,majority,2025-02-14,1,1,0.5444234404536862
17,majority,2025-02-18,1,1,0.5444234404536862
17,majority,2025-02-19,0,1,0.5444234404536862
17,majority,2025-02-20,0,1,0.5444234404536862
17,majority,2025-02-21,0,1,0.5444234404536862
17,majority,2025-02-24,0,1,0.5444234404536862
17,majority,2025-02-25,1,1,0.5444234404536862
17,majority,2025-02-26,0,1,0.5444234404536862
17,majority,2025-02-27,1,1,0.5444234404536862
17,majority,2025-02-28,0,1,0.5444234404536862
17,majority,2025-03-03,0,1,0.5444234404536862
17,majority,2025-03-04,1,1,0.5444234404536862
17,majority,2025-03-05,0,1,0.5444234404536862
17,majority,2025-03-06,1,1,0.5444234404536862
17,majority,2025-03-07,0,1,0.5444234404536862
17,majority,2025-03-10,0,1,0.5444234404536862
17,majority,2025-03-11,1,1,0.5444234404536862
17,majority,2025-03-12,0,1,0.5444234404536862
17,majority,2025-03-13,1,1,0.5444234404536862
17,majority,2025-03-14,1,1,0.5444234404536862
17,majority,2025-03-17,0,1,0.5444234404536862
17,majority,2025-03-18,1,1,0.5444234404536862
17,majority,2025-03-19,0,1,0.5444234404536862
17,majority,2025-03-20,1,1,0.5444234404536862
17,majority,2025-03-21,1,1,0.5444234404536862
17,majority,2025-03-24,1,1,0.5444234404536862
17,majority,2025-03-25,0,1,0.5444234404536862
17,majority,2025-03-26,0,1,0.5444234404536862
17,majority,2025-03-27,0,1,0.5444234404536862
17,majority,2025-03-28,1,1,0.5444234404536862
17,majority,2025-03-31,1,1,0.5444234404536862
17,majority,2025-04-01,1,1,0.5444234404536862
17,majority,2025-04-02,0,1,0.5444234404536862
17,majority,2025-04-03,0,1,0.5444234404536862
17,majority,2025-04-04,0,1,0.5444234404536862
17,majority,2025-04-07,0,1,0.5444234404536862
17,majority,2025-04-08,1,1,0.5444234404536862
17,naive,2024-10-07,1,0,0.5
17,naive,2024-10-08,1,1,0.5
17,naive,2024-10-09,0,1,0.5
17,naive,2024-10-10,1,0,0.5
17,naive,2024-10-11,1,1,0.5
17,naive,2024-10-14,0,1,0.5
17,naive,2024-10-15,1,0,0.5
17,naive,2024-10-16,1,1,0.5
17,naive,2024-10-17,1,1,0.5
17,naive,2024-10-18,0,1,0.5
17,naive,2024-10-21,0,0,0.5
17,naive,2024-10-22,0,0,0.5
17,naive,2024-10-23,1,0,0.5
17,naive,2024-10-24,0,1,0.5
17,naive,2024-10-25,1,0,0.5
17,naive,2024-10-28,1,1,0.5
17,naive,2024-10-29,0,1,0.5
17,naive,2024-10-30,0,0,0.5
17,naive,2024-10-31,1,0,0.5
17,naive,2024-11-01,0,1,0.5
17,naive,2024-11-04,1,0,0.5
17,naive,2024-11-05,1,1,0.5
17,naive,2024-11-06,1,1,0.5
17,naive,2024-11-07,1,1,0.5
17,naive,2024-11-08,1,1,0.5
17,naive,2024-11-11,0,1,0.5
17,naive,2024-11-12,1,0,0.5
17,naive,2024-11-13,0,1,0.5
17,naive,2024-11-14,0,0,0.5
17,naive,2024-11-15,1,0,0.5
17,naive,2024-11-18,1,1,0.5
17,naive,2024-11-19,1,1,0.5
17,naive,2024-11-20,1,1,0.5
17,naive,2024-11-21,1,1,0.5
17,naive,2024-11-22,1,1,0.5
17,naive,2024-11-25,1,1,0.5
17,naive,2024-11-26,0,1,0.5
17,naive,2024-11-27,1,0,0.5
17,naive,2024-11-29,1,1,0.5
17,naive,2024-12-02,1,1,0.5
17,naive,2024-12-03,1,1,0.5
17,naive,2024-12-04,0,1,0.5
17,naive,2024-12-05,1,0,0.5
17,naive,2024-12-06,0,1,0.5
17,naive,2024-12-09,0,0,0.5
17,naive,2024-12-10,1,0,0.5
17,naive,2024-12-11,0,1,0.5
17,naive,2024-12-12,0,0,0.5
17,naive,2024-12-13,1,0,0.5
17,naive,2024-12-16,0,1,0.5
17,naive,2024-12-17,0,0,0.5
17,naive,2024-12-18,0,0,0.5
17,naive,2024-12-19,1,0,0.5
17,naive,2024-12-20,1,1,0.5
17,naive,2024-12-23,1,1,0.5
17,naive,2024-12-24,1,1,0.5
17,naive,2024-12-26,0,1,0.5
17,naive,2024-12-27,0,0,0.5
17,naive,2024-12-30,0,0,0.5
17,naive,2024-12-31,0,0,0.5
17,naive,2025-01-02,1,0,0.5
17,naive,2025-01-03,1,1,0.5
17,naive,2025-01-06,0,1,0.5
17,naive,2025-01-07,1,0,0.5
17,naive,2025-01-08,0,1,0.5
17,naive,2025-01-10,1,0,0.5
17,naive,2025-01-13,1,1,0.5
17,naive,2025-01-14,1,1,0.5
17,naive,2025-01-15,0,1,0.5
17,naive,2025-01-16,1,0,0.5
17,naive,2025-01-17,1,1,0.5
17,naive,2025-01-21,1,1,0.5
17,naive,2025-01-22,1,1,0.5
17,naive,2025-01-23,0,1,0.5
17,naive,2025-01-24,0,0,0.5
17,naive,2025-01-27,1,0,0.5
17,naive,2025-01-28,0,1,0.5
17,naive,2025-01-29,1,0,0.5
17,naive,2025-01-30,0,1,0.5
17,naive,2025-01-31,0,0,0.5
17,naive,2025-02-03,1,0,0.5
17,naive,2025-02-04,1,1,0.5
17,naive,2025-02-05,1,1,0.5
17,naive,2025-02-06,0,1,0.5
17,naive,2025-02-07,1,0,0.5
17,naive,2025-02-10,1,1,0.5
17,naive,2025-02-11,0,1,0.5
17,naive,2025-02-12,1,0,0.5
17,naive,2025-02-13,0,1,0.5
17,naive,2025-02-14,1,0,0.5
17,naive,2025-02-18,1,1,0.5
17,naive,2025-02-19,0,1,0.5
17,naive,2025-02-20,0,0,0.5
17,naive,2025-02-21,0,0,0.5
17,naive,2025-02-24,0,0,0.5
17,naive,2025-02-25,1,0,0.5
17,naive,2025-02-26,0,1,0.5
17,naive,2025-02-27,1,0,0.5
17,naive,2025-02-28,0,1,0.5
17,naive,2025-03-03,0,0,0.5
17,naive,2025-03-04,1,0,0.5
17,naive,2025-03-05,0,1,0.5
17,naive,2025-03-06,1,0,0.5
17,naive,2025-03-07,0,1,0.5
17,naive,2025-03-10,0,0,0.5
17,naive,2025-03-11,1,0,0.5
17,naive,2025-03-12,0,1,0.5
17,naive,2025-03-13,1,0,0.5
17,naive,2025-03-14,1,1,0.5
17,naive,2025-03-17,0,1,0.5
17,naive,2025-03-18,1,0,0.5
17,naive,2025-03-19,0,1,0.5
17,naive,2025-03-20,1,0,0.5
17,naive,2025-03-21,1,1,0.5
17,naive,2025-03-24,1,1,0.5
17,naive,2025-03-25,0,1,0.5
17,naive,2025-03-26,0,0,0.5
17,naive,2025-03-27,0,0,0.5
17,naive,2025-03-28,1,0,0.5
17,naive,2025-03-31,1,1,0.5
17,naive,2025-04-01,1,1,0.5
17,naive,2025-04-02,0,1,0.5
17,naive,2025-04-03,0,0,0.5
17,naive,2025-04-04,0,0,0.5
17,naive,2025-04-07,0,0,0.5
17,naive,2025-04-08,1,0,0.5
17,logistic,2024-10-07,1,0,0.38282027953757697
17,logistic,2024-10-08,1,0,0.4042139069284515
17,logistic,2024-10-09,0,0,0.4248322975105365
17,logistic,2024-10-10,1,0,0.4585803767770334
17,logistic,2024-10-11,1,0,0.40851506678987504
17,logistic,2024-10-14,0,0,0.45905381382239396
17,logistic,2024-10-15,1,0,0.4391977067485262
17,logistic,2024-10-16,1,0,0.41430520733439985
17,logistic,2024-10-17,1,0,0.4365124351373112
17,logistic,2024-10-18,0,0,0.45471936165926397
17,logistic,2024-10-21,0,0,0.46272123677632515
17,logistic,2024-10-22,0,0,0.4755001697576934
17,logistic,2024-10-23,1,0,0.38791942402878415
17,logistic,2024-10-24,0,0,0.3821698059672818
17,logistic,2024-10-25,1,0,0.42726311460163036
17,logistic,2024-10-28,1,0,0.44657749452298073
17,logistic,2024-10-29,0,0,0.4242625012248248
17,logistic,2024-10-30,0,0,0.4531297125449967
17,logistic,2024-10-31,1,0,0.35101516859657245
17,logistic,2024-11-01,0,0,0.375251290427622
17,logistic,2024-11-04,1,0,0.44330588076422117
17,logistic,2024-11-05,1,0,0.4962012029102851
17,logistic,2024-11-06,1,1,0.5389546418930766
17,logistic,2024-11-07,1,1,0.5403900387161262
17,logistic,2024-11-08,1,0,0.47253630862096396
17,logistic,2024-11-11,0,0,0.49390422895490715
17,logistic,2024-11-12,1,1,0.5103049242705073
17,logistic,2024-11-13,0,0,0.49189497036923735
17,logistic,2024-11-14,0,1,0.5274459549443784
17,logistic,2024-11-15,1,0,0.4774446711467546
17,logistic,2024-11-18,1,0,0.4538616404708651
17,logistic,2024-11-19,1,0,0.47609342753735645
17,logistic,2024-11-20,1,0,0.4566281635712343
17,logistic,2024-11-21,1,0,0.44560670923810264
17,logistic,2024-11-22,1,0,0.45437927048765275
17,logistic,2024-11-25,1,0,0.4220468279764859
17,logistic,2024-11-26,0,0,0.4456308443420217
17,logistic,2024-11-27,1,0,0.4542861266182575
17,logistic,2024-11-29,1,0,0.4106483247432478
17,logistic,2024-12-02,1,0,0.4336803698755549
17,logistic,2024-12-03,1,0,0.45074271149283346
17,logistic,2024-12-04,0,0,0.4531430290902336
17,logistic,2024-12-05,1,0,0.48761029286871865
17,logistic,2024-12-06,0,0,0.4774203290855296
17,logistic,2024-12-09,0,0,0.47568914345004737
17,logistic,2024-12-10,1,0,0.4673108359856274
17,logistic,2024-12-11,0,0,0.4783428783347544
17,logistic,2024-12-12,0,0,0.48862956896255666
17,logistic,2024-12-13,1,0,0.45533619547052434
17,logistic,2024-12-16,0,0,0.45123654074169345
17,logistic,2024-12-17,0,0,0.45525955214067715
17,logistic,2024-12-18,0,0,0.34193034304190756
17,logistic,2024-12-19,1,0,0.37727697665517007
17,logistic,2024-12-20,1,0,0.40011829749526495
17,logistic,2024-12-23,1,0,0.46178034696245784
17,logistic,2024-12-24,1,0,0.4551557530250111
17,logistic,2024-12-26,0,0,0.45305809270770125
17,logistic,2024-12-27,0,0,0.3675682642592674
17,logistic,2024-12-30,0,0,0.3130685931983184
17,logistic,2024-12-31,0,0,0.3662474749982057
17,logistic,2025-01-02,1,0,0.3940800577254789
17,logistic,2025-01-03,1,0,0.4600440139652671
17,logistic,2025-01-06,0,0,0.4873423436249591
17,logistic,2025-01-07,1,0,0.43801767050749296
17,logistic,2025-01-08,0,0,0.3655317418692771
17,logistic,2025-01-10,1,0,0.3950338574348077
17,logistic,2025-01-13,1,0,0.376046666433508
17,logistic,2025-01-14,1,0,0.4059582509429961
17,logistic,2025-01-15,0,0,0.49522393425770445
17,logistic,2025-01-16,1,1,0.5005211156607681
17,logistic,2025-01-17,1,0,0.4928408770180233
17,logistic,2025-01-21,1,0,0.4336523334983485
17,logistic,2025-01-22,1,0,0.4423109995409817
17,logistic,2025-01-23,0,0,0.44239321433432827
17,logistic,2025-01-24,0,1,0.5155079609639304
17,logistic,2025-01-27,1,0,0.4222617600880017
17,logistic,2025-01-28,0,0,0.4023368544078305
17,logistic,2025-01-29,1,0,0.45731836124207953
17,logistic,2025-01-30,0,0,0.42873250317733774
17,logistic,2025-01-31,0,0,0.4421787596913364
17,logistic,2025-02-03,1,0,0.3908648862995876
17,logistic,2025-02-04,1,0,0.3370137295945989
17,logistic,2025-02-05,1,0,0.38531016040444616
17,logistic,2025-02-06,0,0,0.3709976292729482
17,logistic,2025-02-07,1,0,0.35113432333975964
17,logistic,2025-02-10,1,0,0.3355051755117732
17,logistic,2025-02-11,0,0,0.35858137377624955
17,logistic,2025-02-12,1,0,0.36845404331865417
17,logistic,2025-02-13,0,0,0.36912119495025103
17,logistic,2025-02-14,1,0,0.4231740671692358
17,logistic,2025-02-18,1,0,0.36558467238459796
17,logistic,2025-02-19,0,0,0.3754745558123437
17,logistic,2025-02-20,0,0,0.3738985644686619
17,logistic,2025-02-21,0,0,0.31374068258263116
17,logistic,2025-02-24,0,0,0.3067024002944716
17,logistic,2025-02-25,1,0,0.3721742301228945
17,logistic,2025-02-26,0,0,0.36905980735835375
17,logistic,2025-02-27,1,0,0.34583355740817845
17,logistic,2025-02-28,0,0,0.3384717429312879
17,logistic,2025-03-03,0,0,0.31145315057489864
17,logistic,2025-03-04,1,0,0.2864313369319793
17,logistic,2025-03-05,0,0,0.23917038487168674
17,logistic,2025-03-06,1,0,0.31017716294194214
17,logistic,2025-03-07,0,0,0.22534527643926028
17,logistic,2025-03-10,0,0,0.26500058371982477
17,logistic,2025-03-11,1,0,0.2340661634231696
17,logistic,2025-03-12,0,0,0.1959020639414944
17,logistic,2025-03-13,1,0,0.30951856812761713
17,logistic,2025-03-14,1,0,0.27195289075360946
17,logistic,2025-03-17,0,0,0.3606629290614794
17,logistic,2025-03-18,1,0,0.3795431362849636
17,logistic,2025-03-19,0,0,0.32994570098982073
17,logistic,2025-03-20,1,0,0.4500463097485687
17,logistic,2025-03-21,1,0,0.3845759110277845
17,logistic,2025-03-24,1,0,0.4549680426522947
17,logistic,2025-03-25,0,1,0.5344377659025518
17,logistic,2025-03-26,0,0,0.481457280281684
17,logistic,2025-03-27,0,0,0.4445727561156282
17,logistic,2025-03-28,1,0,0.4604155786223638
17,logistic,2025-03-31,1,0,0.3990320826549234
17,logistic,2025-04-01,1,0,0.46369741707321704
17,logistic,2025-04-02,0,0,0.4874687401575459
17,logistic,2025-04-03,0,0,0.39243148795632
17,logistic,2025-04-04,0,0,0.353451948044782
17,logistic,2025-04-07,0,0,0.2109868455584845
17,logistic,2025-04-08,1,0,0.18937712250123798
17,rf,2024-10-07,1,1,0.500314136097036
17,rf,2024-10-08,1,1,0.5338584585834244
17,rf,2024-10-09,0,1,0.5320563781062575
17,rf,2024-10-10,1,1,0.5593370143528154
17,rf,2024-10-11,1,1,0.5240088704996415
17,rf,2024-10-14,0,0,0.48935684282515174
17,rf,2024-10-15,1,1,0.5406274316683147
17,rf,2024-10-16,1,1,0.5291441532609688
17,rf,2024-10-17,1,1,0.5533957321641981
17,rf,2024-10-18,0,1,0.5649106762057857
17,rf,2024-10-21,0,1,0.5272648717259636
17,rf,2024-10-22,0,1,0.5575938454817098
17,rf,2024-10-23,1,1,0.517543593016682
17,rf,2024-10-24,0,1,0.5293911783733926
17,rf,2024-10-25,1,1,0.5223286278784915
17,rf,2024-10-28,1,1,0.5508875306370526
17,rf,2024-10-29,0,1,0.5308664037866966
17,rf,2024-10-30,0,1,0.5339614296599527
17,rf,2024-10-31,1,1,0.5058665377686428
17,rf,2024-11-01,0,1,0.5088423209741183
17,rf,2024-11-04,1,1,0.5368498654362815
17,rf,2024-11-05,1,1,0.5174755647910334
17,rf,2024-11-06,1,1,0.5159205808723252
17,rf,2024-11-07,1,1,0.5000274977204917
17,rf,2024-11-08,1,0,0.4825667993647242
17,rf,2024-11-11,0,0,0.4770403463749641
17,rf,2024-11-12,1,1,0.5038731283677519
17,rf,2024-11-13,0,1,0.5392742066466475
17,rf,2024-11-14,0,1,0.5241753349105674
17,rf,2024-11-15,1,1,0.5365237938589545
17,rf,2024-11-18,1,1,0.5059235893464245
17,rf,2024-11-19,1,1,0.5333782668217266
17,rf,2024-11-20,1,1,0.5169611965008739
17,rf,2024-11-21,1,0,0.497107469225676
17,rf,2024-11-22,1,1,0.5124160810809314
17,rf,2024-11-25,1,1,0.5124638924925418
17,rf,2024-11-26,0,1,0.5069976448949163
17,rf,2024-11-27,1,1,0.5131037497833421
17,rf,2024-11-29,1,1,0.511143907837184
17,rf,2024-12-02,1,1,0.5363692286866877
17,rf,2024-12-03,1,1,0.5495533756623058
17,rf,2024-12-04,0,1,0.5246862674690828
17,rf,2024-12-05,1,1,0.563344744589469
17,rf,2024-12-06,0,1,0.5421517339988339
17,rf,2024-12-09,0,1,0.5435769801997731
17,rf,2024-12-10,1,1,0.5475051771074042
17,rf,2024-12-11,0,1,0.5477525633246741
17,rf,2024-12-12,0,1,0.5617762594912229
17,rf,2024-12-13,1,1,0.5388894836494319
17,rf,2024-12-16,0,1,0.5241306544066179
17,rf,2024-12-17,0,1,0.5572221941792873
17,rf,2024-12-18,0,0,0.4936918394073326
17,rf,2024-12-19,1,0,0.49221006282347257
17,rf,2024-12-20,1,1,0.5191300826143854
17,rf,2024-12-23,1,1,0.5269537411051692
17,rf,2024-12-24,1,1,0.5014623926320444
17,rf,2024-12-26,0,1,0.5372832350939567
17,rf,2024-12-27,0,0,0.4691869959149437
17,rf,2024-12-30,0,0,0.48662575644090283
17,rf,2024-12-31,0,0,0.4724718324847764
17,rf,2025-01-02,1,1,0.5099980009669415
17,rf,2025-01-03,1,0,0.4996901376470537
17,rf,2025-01-06,0,1,0.510897641395669
17,rf,2025-01-07,1,1,0.5012949856431624
17,rf,2025-01-08,0,0,0.4749758259881754
17,rf,2025-01-10,1,0,0.4600591655846782
17,rf,2025-01-13,1,1,0.5127113210744598
17,rf,2025-01-14,1,0,0.4705836989299316
17,rf,2025-01-15,0,1,0.5066261281474989
17,rf,2025-01-16,1,0,0.48805134805072564
17,rf,2025-01-17,1,1,0.504248741323708
17,rf,2025-01-21,1,1,0.5089430421667468
17,rf,2025-01-22,1,0,0.4900152485285987
17,rf,2025-01-23,0,0,0.49130175422545896
17,rf,2025-01-24,0,1,0.505136108304079
17,rf,2025-01-27,1,0,0.4819074346062146
17,rf,2025-01-28,0,1,0.5010768104353834
17,rf,2025-01-29,1,1,0.5138774388339029
17,rf,2025-01-30,0,1,0.5124273347582811
17,rf,2025-01-31,0,0,0.48037908427626347
17,rf,2025-02-03,1,1,0.5070819485666188
17,rf,2025-02-04,1,0,0.4832371748506746
17,rf,2025-02-05,1,1,0.5202259343543041
17,rf,2025-02-06,0,1,0.5024938129740671
17,rf,2025-02-07,1,0,0.4843319786971387
17,rf,2025-02-10,1,1,0.5121771430432355
17,rf,2025-02-11,0,1,0.5391010872358721
17,rf,2025-02-12,1,1,0.5428370847580569
17,rf,2025-02-13,0,1,0.5346819841481926
17,rf,2025-02-14,1,1,0.5766698174950794
17,rf,2025-02-18,1,1,0.5702855958347671
17,rf,2025-02-19,0,1,0.5430866349244222
17,rf,2025-02-20,0,1,0.532363796063783
17,rf,2025-02-21,0,1,0.5199579456259542
17,rf,2025-02-24,0,1,0.5191102517569188
17,rf,2025-02-25,1,1,0.5265426069286971
17,rf,2025-02-26,0,0,0.49870004570422033
17,rf,2025-02-27,1,0,0.4744959167170149
17,rf,2025-02-28,0,0,0.49488123057544
17,rf,2025-03-03,0,0,0.47235747054803
17,rf,2025-03-04,1,0,0.4884117717499297
17,rf,2025-03-05,0,0,0.45779266695260884
17,rf,2025-03-06,1,0,0.46200277023345865
17,rf,2025-03-07,0,0,0.4558752754760761
17,rf,2025-03-10,0,0,0.44300306868946676
17,rf,2025-03-11,1,0,0.47882236916275134
17,rf,2025-03-12,0,0,0.4417096202717594
17,rf,2025-03-13,1,1,0.506223226168806
17,rf,2025-03-14,1,0,0.4524503806149151
17,rf,2025-03-17,0,0,0.483913261843799
17,rf,2025-03-18,1,0,0.48190197015783365
17,rf,2025-03-19,0,0,0.4294744491177508
17,rf,2025-03-20,1,0,0.4508937453512102
17,rf,2025-03-21,1,0,0.46760908384284977
17,rf,2025-03-24,1,0,0.4554862696330942
17,rf,2025-03-25,0,0,0.4972653702610507
17,rf,2025-03-26,0,0,0.4615084852248802
17,rf,2025-03-27,0,0,0.4661545316957153
17,rf,2025-03-28,1,0,0.428065795981397
17,rf,2025-03-31,1,0,0.47596981319762677
17,rf,2025-04-01,1,0,0.4466106523563225
17,rf,2025-04-02,0,0,0.4675685792932137
17,rf,2025-04-03,0,0,0.4704474200425538
17,rf,2025-04-04,0,1,0.5015826524476238
17,rf,2025-04-07,0,0,0.4743352732824145
17,rf,2025-04-08,1,1,0.535171314743331
